kabpaten,idkab,X1,X2,X3,X4,X5,X6,X7,X8,X9,X10,X11,X12,X13,X14,X15
Simeulue,1101,0.18,-0.36,0.65,-0.34,0.13,-0.54,-0.77,-0.09,-0.52,-0.46,-0.43,-0.05,-0.40,0.91,-0.44
Aceh Singkil,1102,0.66,-0.12,1.86,-0.36,0.76,-0.86,0.57,-0.29,-0.39,-0.33,0.48,-0.04,-0.39,1.14,-1.42
Aceh Selatan,1103,0.49,-0.28,0.96,-0.28,-0.50,0.10,0.57,1.74,0.00,-0.39,-0.34,-0.05,-0.39,0.15,0.05
Aceh Tenggara,1104,0.40,-0.13,-0.43,-0.32,0.13,-0.54,0.57,0.72,-0.52,-0.27,-0.25,-0.05,-0.40,0.19,-0.44
Aceh Timur,1105,0.66,-0.12,1.43,-0.27,0.13,-0.54,0.12,1.54,-0.39,-0.52,-0.34,-0.05,-0.39,0.32,-0.27
Aceh Tengah,1106,-0.31,-0.13,-0.79,-0.35,0.76,-0.54,0.12,0.11,-0.52,-0.52,-0.43,-0.05,-0.40,0.46,-0.60
Aceh Barat,1107,-0.17,-0.11,1.35,-0.31,0.13,-0.22,0.12,0.52,-0.26,-0.20,-0.25,-0.04,-0.39,0.88,-0.27
Aceh Besar,1108,0.44,-0.14,1.48,-0.28,0.13,0.10,0.57,1.54,-0.52,-0.33,-0.25,-0.04,-0.36,0.25,-0.93
Pidie,1109,-0.20,-0.26,1.10,-0.33,0.13,0.75,1.02,2.15,-0.13,-0.46,-0.43,-0.05,-0.36,0.97,-0.11
Bireuen,1110,0.46,-0.08,-0.24,-0.28,0.76,-0.22,1.02,2.76,-0.52,-0.08,-0.43,-0.05,-0.32,0.21,-0.27
Aceh Utara,1111,0.42,-0.27,1.87,-0.36,0.13,0.10,1.46,2.15,-0.39,-0.46,-0.43,-0.05,-0.33,0.70,-0.44
Aceh Barat Daya,1112,0.64,-0.22,-0.05,-0.32,0.13,-0.54,0.12,0.72,-0.26,-0.52,-0.43,-0.05,-0.39,0.56,-0.11
Gayo Lues,1113,-0.11,-0.20,-1.19,-0.29,2.01,-0.86,0.12,-0.29,0.00,-0.46,-0.34,-0.05,-0.41,1.02,-0.77
Aceh Tamiang,1114,0.27,-0.26,0.73,-0.30,0.13,-0.22,0.12,0.11,-0.26,-0.20,-0.25,-0.05,-0.36,0.18,-0.44
Nagan raya,1115,-0.46,-0.18,0.41,-0.36,-0.50,-0.22,-0.77,0.32,-0.26,-0.52,-0.34,-0.05,-0.40,0.78,0.22
Aceh Jaya,1116,-0.92,-0.12,-0.10,-0.26,0.76,-0.22,0.12,0.52,-0.26,-0.39,0.21,-0.03,-0.41,0.18,0.05
Bener Meriah,1117,-0.55,-0.08,-1.51,-0.17,0.76,-0.22,-0.77,0.11,-0.65,-0.46,-0.34,-0.04,-0.39,0.95,-0.27
Pidie Jaya,1118,-0.46,-0.12,-0.03,-0.34,0.76,0.43,1.02,2.76,-0.26,-0.52,-0.43,-0.04,-0.35,0.95,-0.44
Banda Aceh,1171,-0.13,-0.12,1.11,-0.36,0.13,-0.86,1.02,0.93,-0.65,2.57,-0.06,-0.02,1.38,-0.61,-3.06
Sabang,1172,-0.48,-0.36,0.08,-0.30,1.39,-0.54,0.12,0.32,-0.39,-0.52,0.57,0.01,-0.31,0.47,-0.77
Langsa,1173,0.84,-0.24,1.46,-0.36,0.13,-0.54,-0.32,0.52,-0.52,-0.20,0.12,-0.05,-0.09,-0.18,-1.26
Lhokseumawe,1174,0.66,-0.13,2.95,-0.34,-0.50,-0.54,1.02,1.95,-0.52,-0.52,-0.15,-0.04,0.09,-0.10,-1.09
Subulussalam,1175,1.21,-0.22,1.26,-0.36,2.01,-1.19,-0.32,-0.29,-0.26,-0.52,-0.34,-0.05,-0.39,0.77,-1.75
N i a s,1201,2.00,-0.34,-1.48,0.74,0.76,-0.22,1.46,0.52,0.25,-0.52,-0.43,-0.05,-0.39,0.51,-1.42
Mandailing Natal,1202,0.33,-0.31,0.87,-0.28,1.39,-0.22,0.57,1.13,-0.52,-0.39,-0.43,-0.05,-0.39,-0.37,-0.77
Tapanuli Selatan,1203,0.44,-0.39,-0.11,-0.31,0.13,-0.22,0.57,1.13,-0.65,-0.39,-0.34,-0.05,-0.40,-0.43,-0.44
Tapanuli Tengah,1204,1.19,-0.08,1.26,-0.25,0.76,-0.54,1.02,1.33,-0.39,-0.27,-0.43,-0.04,-0.35,0.07,-0.77
Tapanuli Utara,1205,0.46,-0.36,-1.37,-0.31,0.13,0.43,0.57,1.54,-0.65,-0.27,-0.43,-0.05,-0.39,-0.32,-0.60
Toba,1206,-0.09,-0.41,-1.41,-0.30,0.13,0.43,0.57,1.74,-0.52,-0.46,-0.43,-0.05,-0.39,-0.43,-0.44
Labuhanbatu,1207,0.71,-0.12,0.57,-0.35,-0.50,-0.54,-0.32,-0.09,-0.65,-0.52,-0.25,-0.05,-0.33,-0.45,-0.27
A s a h a n,1208,0.35,-0.34,1.09,-0.32,0.76,-0.54,0.57,-0.29,-0.52,-0.39,-0.34,-0.05,-0.34,-0.29,-0.11
Simalungun,1209,-0.44,-0.41,-0.01,-0.31,0.13,0.43,0.57,0.93,-0.52,-0.33,-0.34,-0.05,-0.34,-0.40,0.22
D a i r i,1210,0.13,-0.43,-1.26,-0.28,0.13,0.43,0.57,2.15,-0.65,-0.39,-0.43,-0.05,-0.36,-0.55,-0.44
K a r o,1211,-0.90,-0.14,-1.48,-0.31,-0.50,0.10,0.57,1.13,-0.52,-0.46,0.57,-0.04,-0.34,-0.48,0.05
Deli Serdang,1212,0.33,-0.05,0.59,-0.35,-0.50,-0.54,0.12,0.11,-0.52,-0.46,-0.15,-0.05,-0.05,-1.04,-0.44
L a n g k a t,1213,-0.11,-0.37,0.39,-0.35,-0.50,-0.22,0.12,0.32,-0.52,-0.46,-0.15,-0.05,-0.35,-0.26,0.22
Nias Selatan,1214,1.50,-0.31,-0.96,-0.21,0.13,-0.54,1.02,0.72,0.25,-0.52,-0.43,-0.05,-0.35,0.58,-1.26
Humbang Hasundutan,1215,0.64,-0.30,-1.82,-0.32,-0.50,0.43,0.12,1.54,-0.52,-0.39,-0.34,-0.05,-0.38,-0.41,-0.77
Pakpak Bharat,1216,0.79,-0.09,-1.88,-0.20,1.39,-0.54,-0.77,-0.09,-0.52,-0.52,-0.43,-0.05,-0.40,-0.35,-1.26
Samosir,1217,0.07,-0.42,-1.41,-0.36,0.13,0.75,0.12,2.35,-0.39,-0.46,-0.43,-0.05,-0.39,0.07,-0.27
Serdang Bedagai,1218,-0.04,-0.47,-0.02,-0.33,0.13,-0.54,-0.77,-0.50,-0.52,-0.52,-0.43,-0.05,-0.29,-0.52,0.05
Batu Bara,1219,0.53,-0.30,1.01,-0.36,0.76,-0.22,0.12,0.32,-0.39,-0.46,-0.34,-0.05,-0.25,0.02,-0.11
Padang Lawas Utara,1220,0.40,-0.06,-0.54,-0.34,2.01,-0.54,0.57,0.11,-0.52,-0.52,-0.43,-0.05,-0.39,-0.30,-0.44
Padang Lawas,1221,0.46,0.00,-0.08,-0.33,1.39,-0.86,0.57,0.11,-0.65,-0.52,-0.34,-0.05,-0.39,-0.47,-0.93
Labuhanbatu Selatan,1222,0.22,-0.06,0.17,-0.35,0.76,-0.86,0.12,-0.90,-0.52,-0.27,-0.06,-0.04,-0.38,-0.39,-0.27
Labuhanbatu Utara,1223,0.44,-0.32,0.63,-0.31,0.13,-0.86,0.12,-0.29,-0.52,-0.14,-0.15,-0.05,-0.38,-0.31,-0.44
Nias Utara,1224,1.65,-0.36,-0.60,0.81,0.13,-0.86,0.57,0.32,-0.26,-0.46,-0.34,-0.05,-0.37,1.68,-1.42
Nias Barat,1225,2.11,-0.54,-1.24,0.31,0.76,-0.54,0.57,0.32,0.25,-0.52,-0.43,-0.05,-0.35,1.75,-1.58
S i b o l g a,1271,1.19,-0.46,1.33,-0.36,0.13,-0.54,0.12,1.13,-0.65,2.06,1.76,0.01,0.37,0.05,-0.60
Tanjungbalai,1272,1.23,-0.24,1.07,-0.36,0.13,-0.54,-0.32,1.54,-0.65,-0.52,0.76,-0.05,0.19,0.27,-0.77
Pematangsiantar,1273,0.35,-0.35,2.97,-0.34,-0.50,0.43,0.57,1.95,-0.65,-0.52,-0.43,-0.05,1.29,-0.43,-0.27
Tebing Tinggi,1274,0.13,-0.25,1.86,-0.36,-0.50,-0.22,0.12,0.52,-0.65,-0.33,-0.43,-0.05,1.56,-0.26,-0.27
M e d a n,1275,0.53,-0.35,1.83,-0.35,-1.12,-0.22,1.02,1.33,-0.65,-0.33,-0.43,-0.05,2.78,-0.50,-0.60
B i n j a i,1276,0.51,-0.27,0.77,-0.36,-0.50,-0.22,0.12,0.32,-0.65,-0.52,-0.43,-0.05,1.32,-0.81,-0.27
Padangsidimpuan,1277,0.75,-0.19,-0.04,-0.36,0.13,-0.22,1.02,1.54,-0.65,-0.46,-0.15,-0.05,0.30,-0.60,-1.26
Gunungsitoli,1278,1.70,-0.26,0.52,-0.28,0.13,-0.54,1.02,0.93,-0.26,-0.39,-0.34,-0.04,-0.23,0.55,-1.75
1. Kep. Mentawai,1301,0.16,-0.10,-0.67,2.25,0.13,-0.22,-0.77,-0.50,-0.52,1.12,0.85,0.00,-0.41,0.32,0.05
2. Pesisir Selatan,1302,0.49,-0.37,0.63,-0.29,0.13,0.43,0.57,-0.09,-0.52,-0.02,0.12,-0.04,-0.39,-0.52,0.38
3. Solok,1303,0.24,-0.40,0.10,-0.25,0.13,0.10,0.12,0.32,-0.52,-0.20,0.21,-0.04,-0.38,-0.51,0.05
4. Sijunjung,1304,0.20,-0.16,-0.33,-0.27,0.13,0.10,0.57,-0.90,-0.39,-0.33,0.03,-0.05,-0.39,-0.63,0.05
5. Tanah Datar,1305,-0.33,-0.50,-0.57,-0.19,-0.50,1.39,0.57,0.72,-0.52,0.43,0.57,-0.02,-0.32,-0.94,0.71
6. Padang Pariaman,1306,0.64,-0.41,0.69,-0.29,0.13,0.75,0.57,1.54,-0.39,-0.02,-0.15,-0.04,-0.30,-0.62,-0.11
7. Agam,1307,0.00,-0.37,0.13,-0.26,-0.50,1.07,0.12,1.13,-0.65,0.30,0.03,-0.04,-0.31,-0.67,0.55
8. Lima Puluh Kota,1308,-0.26,-0.33,-0.95,-0.25,-0.50,1.07,0.12,0.72,-0.52,-0.14,-0.06,-0.05,-0.38,-0.64,0.87
9. Pasaman,1309,0.29,-0.31,0.35,-0.21,0.76,0.10,0.12,1.33,-0.65,-0.52,-0.43,-0.05,-0.39,-0.61,0.05
10. Solok Selatan,1310,0.13,-0.14,0.22,-0.14,1.39,-0.54,-0.32,-0.50,-0.52,0.17,-0.06,-0.05,-0.40,-0.60,-0.11
11. Dharmasraya,1311,0.05,0.08,0.29,-0.29,0.13,-0.22,-0.32,-0.70,-0.52,0.30,0.48,-0.05,-0.38,-0.73,0.22
12. Pasaman Barat,1312,0.33,-0.08,0.10,-0.27,0.76,-0.54,-0.32,0.11,-0.52,-0.08,-0.25,-0.04,-0.37,-0.62,-0.27
1. Padang,1371,0.35,-0.24,1.93,-0.36,0.13,0.10,1.02,1.33,-0.65,1.69,0.67,-0.02,0.09,-0.96,-1.42
2. Solok,1372,0.29,-0.12,1.19,-0.36,0.13,-0.22,0.12,0.72,-0.52,-0.52,-0.43,-0.04,-0.05,-1.12,-1.75
3. Sawahlunto,1373,-0.15,-0.33,1.07,-0.23,-0.50,0.43,0.57,0.32,-0.52,0.17,-0.15,-0.05,-0.31,-1.26,-0.11
4. Padang Panjang,1374,0.35,-0.24,-0.03,-0.36,0.13,0.43,0.57,0.93,-0.65,-0.52,4.12,-0.05,0.45,-0.82,-1.26
5. Bukittinggi,1375,0.02,-0.17,0.77,-0.36,0.13,0.10,0.57,1.54,-0.65,-0.27,0.30,-0.05,1.51,-0.95,-1.58
6. Payakumbuh,1376,0.13,-0.20,-0.14,-0.36,0.76,0.10,0.57,0.72,-0.65,-0.52,-0.43,-0.05,0.18,-0.81,-0.77
7. Pariaman,1377,1.19,-0.28,0.45,-0.33,0.13,0.10,0.57,1.33,-0.52,0.80,-0.15,0.01,0.08,-0.93,-1.26
01. Kuantan Singingi,1401,-0.26,-0.28,0.20,-0.19,0.13,-0.22,-0.32,-0.50,-0.52,-0.52,-0.43,-0.05,-0.39,-0.31,0.22
02. Indragiri Hulu,1402,-0.26,-0.08,0.24,-0.07,0.13,-0.86,-0.32,-0.70,-0.52,-0.46,-0.34,-0.05,-0.39,-0.76,0.05
03. Indragiri Hilir,1403,-0.26,-0.31,0.15,0.52,-0.50,-0.54,-0.32,-0.50,-0.52,-0.46,0.12,-0.05,-0.39,-0.70,0.38
04. Pelalawan,1404,-0.26,0.61,0.20,-0.04,1.39,-1.19,-0.77,-1.31,-0.52,0.36,0.21,-0.05,-0.40,-0.30,-0.44
05. Siak,1405,-0.26,0.08,-0.04,-0.28,0.13,-1.19,0.12,-1.51,-0.52,-0.46,-0.25,-0.05,-0.39,-0.89,-0.11
06. Kampar,1406,-0.26,0.02,0.69,-0.35,0.13,-0.86,-0.32,-0.70,-0.52,0.24,-0.15,-0.05,-0.39,-0.55,-0.44
07. Rokan Hulu,1407,-0.26,0.37,0.13,-0.16,0.76,-0.86,0.12,-0.70,-0.52,-0.52,-0.15,-0.04,-0.38,-0.18,-0.11
08. Bengkalis,1408,-0.26,-0.22,2.31,-0.30,0.13,-0.22,-0.77,-0.70,-0.52,-0.39,0.67,-0.05,-0.38,-0.73,-0.27
09. Rokan Hilir,1409,-0.26,0.07,0.24,-0.15,0.13,-0.86,-0.32,-0.70,-0.65,-0.39,-0.25,-0.05,-0.39,-0.64,-0.27
10. Kepulauan Meranti,1410,-0.26,-0.42,0.79,0.17,0.13,0.10,0.12,-0.09,-0.39,-0.52,0.39,-0.05,-0.40,1.93,0.22
1. Pekanbaru,1471,-0.26,0.03,1.53,-0.24,0.13,-0.54,0.57,0.32,-0.65,-0.46,-0.34,-0.05,0.26,-1.21,-1.42
73. Dumai,1473,-0.26,-0.08,0.91,-0.27,0.76,-0.54,0.57,-0.09,-0.52,-0.33,1.21,-0.05,-0.34,-1.08,-0.60
Kerinci,1501,-1.49,-0.47,-0.74,-0.36,-0.50,0.75,0.57,0.32,-0.26,-0.33,-0.34,-0.05,-0.33,-0.62,0.87
Merangin,1502,-0.35,-0.19,-0.28,-0.31,0.13,-0.54,-0.77,-1.31,-0.52,-0.46,-0.25,-0.05,-0.27,-0.45,0.38
Sarolangun,1503,0.09,-0.06,-0.08,-0.21,0.13,-0.54,0.12,-0.70,-0.39,-0.52,-0.25,-0.05,-0.30,-0.45,0.38
Batang Hari,1504,-0.04,-0.26,0.12,-0.25,-0.50,-0.54,-0.77,-0.90,-0.39,-0.39,-0.43,-0.05,-0.31,-0.28,0.71
Muaro Jambi,1505,-0.24,0.07,0.39,-0.30,-1.12,-0.86,-0.32,-0.90,-0.52,-0.52,-0.34,-0.05,-0.25,-1.05,0.55
Tanjung Jabung Timur,1506,-0.22,-0.39,-1.21,-0.09,0.13,-0.22,-0.32,-0.90,0.00,-0.52,0.94,-0.04,-0.33,-0.05,1.04
Tanjung Jabung Barat,1507,-0.28,-0.12,-0.78,0.04,-0.50,-0.22,-0.32,-0.90,-0.39,-0.52,-0.34,-0.05,-0.29,-0.18,0.55
Tebo,1508,-0.15,-0.14,-0.64,-0.23,0.13,-0.22,0.12,-0.70,-0.39,-0.52,-0.15,-0.05,-0.28,-0.71,0.55
Bungo,1509,-0.02,-0.04,-0.22,-0.18,0.13,-0.86,-0.32,-1.11,-0.39,-0.20,-0.15,-0.05,-0.28,-0.82,0.05
Kota Jambi,1571,0.20,-0.25,1.02,-0.36,-0.50,-0.22,-0.32,0.11,-0.52,-0.52,-0.43,-0.05,-0.19,-0.49,-0.77
Kota Sungai Penuh,1572,-0.66,-0.32,-0.11,-0.34,-0.50,0.10,0.12,-0.09,-0.39,0.05,-0.15,-0.03,-0.38,-1.18,-0.60
Ogan Komering Ulu,1601,0.09,-0.25,0.06,-0.32,0.76,0.10,-0.32,-0.70,-0.52,-0.33,-0.25,-0.05,-0.39,0.11,0.38
Ogan Komering Ilir,1602,-0.44,-0.24,-0.67,-0.32,0.13,-0.54,-0.32,-1.51,-0.39,-0.46,-0.43,-0.05,-0.40,0.39,0.55
Muara Enim,1603,0.13,-0.21,0.16,-0.36,0.13,-0.22,0.12,-0.29,-0.52,-0.08,-0.15,-0.05,-0.38,0.06,0.38
Lahat,1604,-0.37,-0.31,-0.35,-0.36,-0.50,0.10,0.12,-0.50,-0.52,-0.20,-0.34,-0.05,-0.39,0.51,0.71
Musi Rawas,1605,-0.37,-0.25,-0.67,-0.20,-1.12,0.10,0.12,-0.70,-0.39,0.17,-0.34,-0.05,-0.39,0.18,1.04
Musi Banyuasin,1606,-0.04,-0.21,-0.12,-0.25,0.13,-0.22,0.57,-1.31,-0.39,-0.39,-0.34,-0.05,-0.40,0.57,0.55
Banyuasin,1607,-0.09,-0.24,-0.23,-0.08,-0.50,-0.22,-0.32,-0.50,-0.39,-0.46,-0.34,-0.05,-0.39,-0.08,0.87
OKU Selatan,1608,-0.75,-0.25,-0.64,-0.18,-0.50,-0.22,-0.77,-1.51,-0.52,-0.46,-0.43,-0.05,-0.39,-0.18,0.87
OKU Timur,1609,-0.46,-0.31,-0.45,-0.34,-1.12,0.43,-0.32,-0.90,-0.39,-0.46,-0.43,-0.05,-0.34,-0.20,1.04
Ogan Ilir,1610,0.05,-0.26,-0.52,-0.25,-0.50,0.10,0.12,-0.09,-0.52,-0.39,-0.25,-0.05,-0.36,0.18,0.38
Empat Lawang,1611,0.38,-0.25,-0.79,0.16,0.13,-0.22,0.12,0.32,-0.39,-0.52,-0.34,-0.05,-0.37,0.04,0.71
Penukal Abab Lematang Ilir,1612,0.13,-0.22,-0.16,-0.36,0.76,-0.22,-0.32,-0.29,-0.39,-0.52,-0.34,-0.05,-0.38,0.20,0.22
Musi Rawas Utara,1613,-0.37,-0.25,-0.29,-0.07,0.13,-0.54,-0.32,-0.50,-0.39,-0.52,-0.25,-0.05,-0.40,0.92,0.38
Palembang,1671,0.68,-0.25,1.57,-0.34,-0.50,0.10,0.57,0.52,-0.65,-0.39,-0.34,-0.05,1.26,-0.14,-0.60
Prabumulih,1672,0.00,-0.23,0.73,-0.36,0.13,-0.54,1.02,-0.09,-0.52,0.68,0.03,-0.05,-0.14,-0.04,-0.44
Pagar Alam,1673,-0.28,-0.32,-0.88,-0.36,0.13,-0.22,-0.32,-0.90,-0.65,1.62,-0.43,-0.05,-0.33,-0.39,0.55
Lubuk Linggau,1674,0.20,-0.22,0.11,-0.35,0.13,-0.22,0.12,0.11,-0.52,-0.46,-0.43,-0.05,-0.20,0.13,-0.60
Bengkulu Selatan,1701,0.18,-0.31,-0.92,-0.32,0.13,-0.22,0.12,-1.11,-0.39,-0.46,-0.15,-0.04,-0.36,0.85,-0.11
Rejang Lebong,1702,-0.48,-0.42,-0.70,-0.20,-0.50,0.10,0.12,-0.90,-0.39,-0.46,-0.34,-0.04,-0.32,0.52,0.38
Bengkulu Utara,1703,-0.48,-0.11,-0.12,-0.28,-0.50,0.10,0.12,-1.31,-0.13,-0.46,-0.15,-0.04,-0.30,-0.04,0.22
Kaur,1704,-0.04,-0.28,-0.90,-0.16,0.76,-0.22,-0.32,-1.72,-0.52,-0.14,-0.25,-0.04,-0.37,0.89,0.38
Seluma,1705,-0.48,-0.29,-0.97,-0.09,0.76,-0.22,-0.32,-0.70,-0.26,-0.27,-0.25,-0.04,-0.34,0.92,0.38
Mukomuko,1706,-0.04,-0.02,-0.22,-0.29,1.39,-0.22,-0.77,-0.70,-0.39,-0.33,-0.34,-0.04,-0.34,-0.03,-0.27
Lebong,1707,-0.70,-0.16,-0.18,-0.28,-0.50,-0.22,-1.22,-0.50,-0.39,-0.39,-0.25,-0.05,-0.37,-0.02,0.71
Kepahiang,1708,-0.26,-0.33,-0.96,-0.12,-0.50,0.10,-0.32,-0.90,-0.39,-0.14,-0.34,-0.05,-0.36,0.36,0.87
Bengkulu Tengah,1709,-0.26,-0.18,0.09,-0.13,-0.50,-0.22,0.12,-0.70,-0.26,-0.08,-0.43,-0.04,-0.37,-0.41,0.38
Kota Bengkulu,1771,-0.26,-0.02,-0.06,-0.33,0.13,-0.54,0.57,1.13,-0.52,0.49,0.76,-0.01,-0.27,0.79,-1.75
Lampung Barat,1801,-0.53,-0.35,-1.22,-0.25,0.76,-0.54,-0.32,-1.72,-0.39,0.43,0.30,-0.05,-0.36,0.12,0.71
Tanggamus,1802,0.05,-0.29,-0.64,-0.33,0.76,0.43,-0.77,-1.31,-0.26,-0.14,-0.34,-0.04,-0.34,0.01,1.04
Lampung Selatan,1803,-0.33,-0.31,0.12,-0.35,0.13,-0.22,0.12,-0.70,-0.26,-0.39,-0.43,-0.04,0.12,0.30,0.71
Lampung Timur,1804,-0.75,-0.33,-0.68,-0.34,-0.50,0.43,-0.32,-0.90,-0.13,-0.20,-0.15,-0.05,-0.34,0.42,1.36
Lampung Tengah,1805,-0.68,-0.34,-0.80,-0.34,0.13,0.43,0.12,-0.70,0.13,-0.52,-0.34,-0.05,-0.29,0.01,1.20
Lampung Utara,1806,-0.04,-0.43,0.30,-0.27,0.76,0.10,-0.77,-0.70,-0.39,-0.46,-0.34,-0.05,-0.33,1.02,0.55
Way Kanan,1807,-0.50,-0.31,-0.36,-0.35,0.13,0.10,-0.32,-1.11,-0.13,0.61,-0.34,-0.05,-0.37,0.14,1.20
Tulangbawang,1808,-0.61,-0.25,-0.17,-0.26,0.13,-0.22,-0.32,-1.31,-0.13,-0.52,-0.43,-0.05,-0.37,-0.34,0.87
Pesawaran,1809,-0.22,-0.30,0.00,-0.34,0.76,0.43,0.12,-1.11,-0.13,0.05,-0.06,-0.04,-0.34,0.42,0.87
Pringsewu,1810,-0.35,-0.34,0.24,-0.36,0.13,0.43,-0.32,-0.90,-0.39,-0.52,-0.34,-0.05,-0.18,-0.23,0.71
Mesuji,1811,-0.81,-0.40,-0.36,-0.25,-0.50,0.10,-0.32,-1.11,-0.26,-0.27,-0.34,-0.04,-0.38,-0.58,1.20
Tulang Bawang Barat,1812,-0.68,-0.35,-0.37,-0.36,0.13,-0.22,-0.32,-1.51,-0.13,-0.46,-0.43,-0.05,-0.33,-0.54,1.04
Pesisir Barat,1813,-0.55,-0.35,-0.52,0.05,0.13,-0.22,-1.66,-1.72,-0.52,-0.46,-0.25,-0.04,-0.40,0.33,0.55
Kota Bandar Lampung,1871,0.20,-0.13,1.20,-0.35,-0.50,-0.22,-0.32,-0.29,-0.52,3.26,-0.25,-0.04,0.90,-0.42,-0.77
Kota Metro,1872,-0.22,-0.22,0.31,-0.36,0.13,0.10,0.12,-0.09,-0.39,5.22,-0.43,-0.05,0.59,-0.42,-0.60
Bangka,1901,-0.46,-0.07,-0.28,-0.33,0.13,0.10,-0.32,-0.29,-0.39,-0.52,-0.43,-0.05,-0.37,-0.91,0.38
Belitung,1902,-0.53,-0.07,-0.68,-0.32,-0.50,-0.22,-0.32,-0.50,-0.39,-0.39,-0.25,-0.05,-0.38,-0.73,1.04
Bangka Barat,1903,-0.50,-0.07,-0.70,-0.24,0.13,-0.22,-0.32,-0.70,-0.39,-0.52,-0.43,-0.05,-0.39,-1.20,0.55
Bangka Tengah,1904,-0.28,-0.07,-0.01,-0.32,0.13,-0.54,-0.77,-0.70,-0.39,-0.39,0.12,-0.05,-0.38,-0.89,0.05
Bangka Selatan,1905,-0.11,-0.07,-0.24,-0.36,0.13,-0.54,-0.32,-1.31,-0.26,-0.39,-0.25,-0.05,-0.39,-1.11,0.87
Belitung Timur,1906,-0.66,-0.07,-1.21,-0.22,-1.12,0.10,-0.77,-1.11,-0.39,-0.52,0.48,-0.04,-0.40,-0.69,1.20
Kota Pangkal Pinang,1971,-0.53,-0.07,0.26,-0.36,-1.12,0.43,0.57,0.72,-0.26,-0.39,0.03,-0.05,0.25,-0.99,-0.11
Karimun,2101,0.00,-0.34,0.46,-0.33,0.13,-0.22,-0.32,-0.50,-0.39,-0.46,-0.34,-0.05,-0.32,-0.69,0.22
Bintan,2102,-0.46,-0.29,1.60,-0.22,0.13,-0.54,-0.32,-0.70,-0.39,-0.27,1.03,-0.05,-0.37,-0.72,0.05
Natuna,2103,-0.57,-0.27,-0.48,-0.31,0.76,-0.54,0.12,-0.70,-0.52,-0.52,-0.43,-0.05,-0.40,-0.97,-0.11
Lingga,2104,-0.70,-0.46,-0.18,-0.28,0.13,0.43,0.12,0.11,-0.13,-0.52,-0.25,-0.05,-0.40,0.12,0.87
Kepulauan Anambas,2105,-0.04,-0.27,-0.67,-0.32,0.13,-0.54,-0.32,-0.09,-0.39,0.05,0.21,-0.05,-0.39,-0.71,0.05
Kota Batam,2171,-0.97,0.36,1.47,-0.33,0.76,-1.19,-0.32,-0.70,-0.52,-0.52,-0.43,-0.05,0.12,-0.91,-0.77
Kota Tanjung Pinang,2172,-0.42,-0.27,0.54,-0.36,-0.50,0.10,0.12,0.72,-0.52,-0.52,-0.43,-0.04,0.13,-0.38,-0.27
Kepulauan Seribu,3101,-0.26,-0.16,0.45,-0.36,0.13,-0.86,0.12,-0.29,-0.65,-0.52,1.12,-0.05,0.47,0.02,0.05
Kota Jakarta Selatan,3171,-0.26,-0.29,1.08,-0.36,-1.12,-0.22,0.12,0.93,-0.65,0.55,2.49,-0.04,5.04,-1.19,-0.60
Kota Jakarta Timur,3172,-0.26,-0.31,0.77,-0.36,-1.12,-0.22,0.12,0.52,-0.65,1.06,2.94,-0.04,5.56,-1.14,-0.27
Kota Jakarta Pusat,3173,-0.26,-0.48,1.37,-0.36,-1.75,0.43,0.12,1.33,-0.65,-0.08,4.12,-0.04,6.17,-1.07,0.05
Kota Jakarta Barat,3174,-0.26,-0.20,0.35,-0.36,-1.12,-0.22,0.12,0.32,-0.52,5.78,3.94,-0.04,7.32,-1.12,0.38
Kota Jakarta Utara,3175,-0.26,-0.29,0.85,-0.36,-0.50,-0.54,0.12,0.93,-0.65,0.68,6.95,0.00,4.40,-0.89,0.22
Bogor,3201,-0.20,-0.02,2.06,-0.36,0.13,-0.54,-0.32,-0.50,-0.39,-0.27,-0.25,-0.05,0.40,-0.68,-0.11
Sukabumi,3202,-0.90,-0.44,1.44,-0.35,0.13,0.10,0.12,-0.09,-0.65,-0.14,-0.25,-0.05,-0.19,-0.74,0.71
Cianjur,3203,-0.97,-0.47,2.36,-0.35,0.76,0.43,-0.32,-0.09,-0.52,0.17,-0.15,-0.04,-0.20,-0.36,1.04
Bandung,3204,-0.48,-0.15,0.47,-0.36,-0.50,-0.22,-0.77,-0.70,-0.65,-0.20,0.30,-0.04,0.38,-0.77,0.38
Garut,3205,-0.26,-0.36,1.27,-0.36,0.13,0.10,0.12,0.11,-0.52,0.11,-0.25,-0.04,-0.10,-0.38,0.38
Tasikmalaya,3206,-1.18,-0.46,0.81,-0.36,-0.50,0.75,0.12,-0.29,-0.65,-0.20,-0.15,-0.04,-0.16,-0.36,1.36
Ciamis,3207,-1.69,-0.43,0.30,-0.36,-0.50,1.39,0.57,0.52,-0.65,0.05,-0.15,-0.05,-0.10,-0.68,1.86
Kuningan,3208,-0.46,-0.42,2.31,-0.36,-0.50,1.07,0.12,0.32,-0.39,0.61,0.48,-0.04,-0.05,-0.07,1.20
Cirebon,3209,-0.72,-0.38,2.61,-0.36,0.13,0.10,0.12,-0.29,-0.26,-0.27,-0.34,-0.05,0.41,-0.26,0.87
Majalengka,3210,-1.58,-0.45,-0.02,-0.35,-0.50,1.07,0.57,0.32,-0.39,-0.39,-0.34,-0.05,-0.04,-0.24,1.36
Sumedang,3211,-1.67,-0.44,1.43,-0.36,-1.12,1.39,0.12,0.32,-0.52,-0.33,-0.34,-0.05,-0.13,-0.37,1.20
Indramayu,3212,-1.51,-0.43,1.72,-0.35,0.76,0.10,-0.77,0.11,0.38,-0.46,-0.34,-0.05,-0.10,-0.11,1.20
Subang,3213,-1.34,-0.32,1.86,-0.35,-0.50,0.75,0.12,0.11,-0.26,-0.27,-0.06,-0.05,-0.10,-0.49,1.20
Purwakarta,3214,-0.66,-0.27,2.33,-0.36,0.13,0.10,-0.32,0.11,-0.52,-0.52,-0.43,-0.05,0.02,-0.58,0.55
Karawang,3215,-0.83,-0.33,2.31,-0.36,-0.50,-0.22,0.12,0.72,-0.26,0.05,0.03,-0.05,0.11,-0.59,0.71
Bekasi,3216,-0.88,0.32,2.01,-0.33,-0.50,-0.86,-0.77,-0.90,-0.52,0.11,0.48,-0.04,0.73,-1.02,0.05
Bandung Barat,3217,-0.68,-0.28,1.67,-0.36,0.13,0.10,-0.32,-0.50,-0.52,-0.02,-0.25,-0.05,0.07,-0.33,0.22
Pangandaran,3218,-1.69,-0.43,0.03,-0.36,-1.12,1.07,0.12,-0.09,-0.52,0.30,0.85,-0.03,-0.27,-0.55,1.53
Kota Bogor,3271,-0.13,-0.19,2.08,-0.36,-1.12,0.10,0.12,0.93,-0.52,0.49,0.21,-0.04,3.07,-0.80,-0.60
Kota Sukabumi,3272,-0.42,-0.34,1.79,-0.32,-0.50,0.43,0.12,1.13,-0.52,-0.33,0.12,-0.05,2.12,-0.68,0.22
Kota Bandung,3273,-0.81,-0.46,1.66,-0.36,-1.12,0.10,0.12,0.93,-0.65,-0.33,0.57,-0.05,5.14,-1.10,-0.60
Kota Cirebon,3274,-0.46,-0.35,2.03,-0.36,-0.50,-0.22,1.02,0.93,-0.52,1.18,0.39,-0.05,2.76,-0.46,-0.11
Kota Bekasi,3275,-0.48,0.05,1.70,-0.36,-0.50,-0.54,0.12,-0.09,-0.52,-0.20,1.39,-0.04,4.99,-1.05,-1.09
Kota Depok,3276,-0.37,0.23,0.75,-0.36,-0.50,-0.22,-0.32,-0.09,-0.52,-0.33,-0.15,-0.05,4.05,-1.27,-0.77
Kota Cimahi,3277,-0.88,-0.26,1.63,-0.36,-1.12,-0.22,0.12,0.11,-0.65,2.00,2.58,-0.05,5.40,-0.97,-0.60
Kota Tasikmalaya,3278,-0.57,-0.47,1.04,-0.36,-0.50,0.10,0.12,-0.29,-0.65,-0.52,-0.06,-0.05,1.02,-0.05,0.38
Kota Banjar,3279,-1.12,-0.46,0.75,-0.36,-0.50,0.75,0.57,0.11,-0.52,0.24,-0.43,-0.05,0.18,-0.83,1.04
Cilacap,3301,-0.90,-0.43,1.29,-0.34,-0.50,0.75,-0.32,-0.09,0.13,1.18,0.12,-0.03,-0.11,-0.16,1.69
Banyumas,3302,-0.92,-0.34,-0.09,-0.33,-0.50,1.39,0.12,-0.50,0.00,0.61,0.03,-0.04,0.06,0.07,1.20
Purbalingga,3303,-0.22,-0.31,0.16,-0.35,-0.50,0.75,0.57,-0.29,-0.13,0.30,-0.25,-0.04,0.10,0.40,1.36
Banjarnegara,3304,-0.64,-0.41,0.02,-0.35,-0.50,1.07,0.57,-0.90,0.51,0.17,0.12,-0.04,-0.08,0.36,1.36
Kebumen,3305,-0.88,-0.48,0.15,-0.35,-1.12,1.07,0.57,-0.29,0.00,0.43,-0.15,-0.04,-0.05,0.63,1.53
Purworejo,3306,-1.47,-0.48,-0.65,-0.36,-0.50,1.72,-0.32,0.11,0.13,1.62,-0.15,-0.05,-0.17,-0.06,1.86
Wonosobo,3307,-0.99,-0.44,-0.42,-0.34,-0.50,0.75,0.12,-0.50,0.25,0.80,0.12,-0.05,-0.12,0.60,1.36
Magelang,3308,-0.90,-0.33,-0.58,-0.36,-1.12,1.07,-0.32,-0.29,0.13,0.74,0.94,-0.03,0.02,-0.17,1.36
Boyolali,3309,-1.21,-0.42,-0.58,-0.35,-1.12,1.72,0.57,-0.29,0.64,0.36,0.03,-0.04,-0.05,-0.31,1.53
Klaten,3310,-1.43,-0.46,-0.39,-0.36,-1.75,1.39,0.57,0.72,0.13,2.57,0.57,-0.04,0.25,0.04,1.20
Sukoharjo,3311,-1.05,-0.36,-0.45,-0.35,-1.12,1.07,0.57,1.13,0.25,0.36,-0.06,-0.05,0.26,-0.62,0.38
Wonogiri,3312,-1.07,-0.48,-0.84,-0.36,-1.12,3.01,0.12,0.11,0.38,2.88,0.30,-0.05,-0.22,-0.22,2.35
Karanganyar,3313,-0.75,-0.34,-0.56,-0.36,-1.12,0.75,0.12,-0.29,0.25,0.11,-0.06,-0.04,0.01,-0.31,1.04
Sragen,3314,-1.43,-0.47,-0.48,-0.36,-0.50,2.04,0.57,0.11,1.16,0.30,0.12,-0.05,-0.06,0.11,1.69
Grobogan,3315,-1.45,-0.43,-0.37,-0.36,-1.12,0.75,0.12,-0.09,0.00,0.43,-0.25,-0.05,-0.16,-0.02,1.86
Blora,3316,-1.38,-0.46,-0.24,-0.35,-1.12,1.72,0.57,-0.29,1.03,-0.33,-0.34,-0.05,-0.24,-0.08,2.18
Rembang,3317,-1.03,-0.37,-0.32,-0.36,-1.12,0.75,0.57,0.11,0.25,0.17,-0.15,-0.05,-0.15,0.39,1.86
Pati,3318,-1.51,-0.42,-0.30,-0.36,-1.12,1.07,0.57,0.72,0.51,-0.02,-0.34,-0.05,-0.10,-0.32,2.02
Kudus,3319,-0.22,-0.26,-0.25,-0.36,-0.50,0.10,0.57,0.11,0.00,-0.33,-0.43,-0.04,0.35,-0.68,1.04
Jepara,3320,-0.68,-0.20,-0.64,-0.35,0.13,0.43,0.12,0.52,0.00,0.05,0.21,-0.05,0.03,-0.68,1.20
Demak,3321,-0.77,-0.31,0.46,-0.36,-0.50,0.10,0.12,0.32,0.00,-0.08,-0.34,-0.05,0.06,-0.01,1.20
Semarang,3322,-0.90,-0.24,-0.82,-0.34,-1.12,0.43,1.02,-0.09,0.00,0.61,-0.15,-0.05,0.00,-0.63,1.20
Temanggung,3323,-0.64,-0.34,-0.64,-0.36,-0.50,0.75,0.57,-0.70,0.00,0.11,-0.34,-0.04,-0.07,-0.33,1.53
Kendal,3324,-0.97,-0.37,0.84,-0.34,-0.50,0.43,-0.32,0.52,0.25,0.11,-0.25,-0.05,-0.09,-0.33,1.36
Batang,3325,-0.37,-0.35,-0.12,-0.36,0.13,0.43,0.12,0.11,0.25,-0.39,-0.25,-0.05,-0.05,-0.46,1.36
Pekalongan,3326,0.38,-0.39,0.00,-0.35,0.13,-0.22,0.57,0.11,0.13,-0.27,-0.25,-0.05,-0.02,-0.29,0.71
Pemalang,3327,-0.15,-0.48,0.93,-0.36,0.13,0.75,0.57,-0.29,0.38,0.55,-0.34,-0.05,0.02,0.45,1.04
Tegal,3328,-0.42,-0.48,1.69,-0.36,-0.50,0.43,0.57,0.72,0.25,-0.46,-0.25,-0.05,0.20,-0.56,1.04
Brebes,3329,-0.61,-0.45,1.34,-0.36,0.13,0.43,1.02,-0.29,0.64,0.11,-0.34,-0.05,-0.06,0.55,1.36
Kota Magelang,3371,-0.72,-0.48,0.00,-0.36,-1.12,1.72,1.02,0.93,-0.52,-0.52,-0.43,-0.05,2.41,-0.58,0.22
Kota Surakarta,3372,-1.29,-0.46,-0.11,-0.35,-1.75,0.43,0.57,1.54,-0.39,0.43,1.58,-0.04,3.78,-0.42,0.05
Kota Salatiga,3373,-1.10,-0.22,0.00,-0.36,-1.75,1.07,1.02,1.74,-0.39,-0.52,-0.43,-0.05,0.84,-0.93,-0.27
Kota Semarang,3374,-0.72,-0.16,0.05,-0.36,-1.75,0.43,1.02,0.72,-0.39,0.43,0.48,-0.05,1.39,-1.03,-0.27
Kota Pekalongan,3375,-0.20,-0.34,0.60,-0.36,-0.50,-0.22,0.57,0.93,-0.39,-0.27,0.94,-0.05,2.11,-0.69,0.71
Kota Tegal,3376,-0.79,-0.45,1.62,-0.36,0.13,0.10,0.57,0.32,0.00,-0.52,1.58,-0.05,1.92,-0.58,0.71
Kulon Progo,3401,-1.18,-0.31,-1.17,-0.36,-1.12,2.04,0.57,-0.09,0.00,2.32,2.03,-0.02,-0.14,0.70,1.86
Bantul,3402,-1.43,-0.28,-0.60,-0.32,-1.75,1.07,0.57,0.32,0.00,2.44,3.85,0.00,0.33,0.12,0.55
Gunung Kidul,3403,-1.36,-0.32,-1.11,-0.36,-1.12,3.33,1.02,-0.09,0.90,0.93,0.67,-0.03,-0.23,0.60,2.68
Sleman,3404,-2.13,-0.29,-0.22,-0.34,-1.75,1.07,0.57,1.54,-0.13,3.64,6.22,-0.01,0.37,-0.58,-0.44
Kota Yogyakarta,3471,-2.37,-0.29,0.17,-0.36,-1.75,0.75,1.46,3.37,-0.52,5.34,8.49,0.02,4.52,-0.66,-1.09
Pacitan,3501,-1.14,-0.49,-1.54,-0.35,-2.38,3.01,0.57,-0.09,0.13,0.24,0.21,-0.03,-0.27,0.22,2.68
Ponorogo,3502,-1.36,-0.51,-0.37,-0.36,-1.75,2.36,0.57,0.72,0.64,0.36,-0.34,-0.05,-0.17,-0.30,2.51
Trenggalek,3503,-1.36,-0.48,-0.44,-0.36,-1.12,2.36,0.12,0.32,0.13,-0.27,-0.34,-0.05,-0.19,-0.13,2.35
Tulungagung,3504,-1.14,-0.44,-0.47,-0.36,-1.12,1.07,0.57,1.95,-0.39,0.11,-0.06,-0.05,-0.05,-0.67,1.69
Blitar,3505,-1.36,-0.46,-0.58,-0.35,-1.12,1.72,-0.32,0.52,0.13,0.49,-0.15,-0.04,-0.09,-0.39,2.02
Kediri,3506,-0.92,-0.44,-0.33,-0.36,-1.12,0.75,0.12,1.13,-0.13,-0.08,-0.25,-0.05,0.01,-0.20,1.36
Malang,3507,-0.92,-0.40,-0.27,-0.36,-0.50,0.75,0.12,-0.29,0.13,0.17,0.12,-0.05,-0.14,-0.32,1.36
Lumajang,3508,-1.14,-0.47,-0.72,-0.36,-1.12,1.07,0.57,0.11,1.03,-0.02,-0.15,-0.04,-0.20,-0.32,1.86
Jember,3509,-1.36,-0.44,-0.28,-0.36,-0.50,1.07,0.57,0.32,1.29,0.24,-0.34,-0.04,-0.12,-0.35,1.69
Banyuwangi,3510,-1.80,-0.47,-0.15,-0.31,-1.12,1.07,0.12,0.32,0.51,0.30,0.21,-0.04,-0.31,-0.57,1.69
Bondowoso,3511,-2.46,-0.43,-0.65,-0.36,-1.12,1.39,1.02,0.11,2.07,-0.20,-0.34,-0.05,-0.23,0.18,2.18
Situbondo,3512,-2.24,-0.42,-0.71,-0.36,-1.12,1.07,0.12,0.32,1.68,-0.27,-0.34,-0.05,-0.26,-0.10,1.86
Probolinggo,3513,-1.36,-0.40,-0.24,-0.23,-0.50,0.75,0.57,-0.29,1.03,0.11,-0.25,-0.05,-0.16,0.75,1.69
Pasuruan,3514,-0.92,-0.38,0.45,-0.36,-0.50,0.10,-0.32,0.11,0.38,0.05,-0.25,-0.05,0.00,-0.42,1.69
Sidoarjo,3515,-0.70,-0.20,0.13,-0.36,-1.75,-0.22,0.12,-0.50,-0.52,-0.20,-0.25,-0.05,0.90,-0.85,0.05
Mojokerto,3516,-0.92,-0.35,-0.33,-0.36,-0.50,0.10,0.12,0.32,-0.13,0.93,-0.43,-0.05,0.16,-0.28,1.20
Jombang,3517,-0.70,-0.43,-0.01,-0.36,-0.50,0.10,0.12,0.11,-0.13,-0.33,-0.25,-0.05,0.01,-0.35,1.20
Nganjuk,3518,-1.14,-0.47,-0.53,-0.35,-1.75,1.07,0.12,0.52,0.25,-0.20,-0.34,-0.05,-0.10,-0.09,2.02
Madiun,3519,-1.58,-0.48,-0.36,-0.36,-1.75,2.04,0.57,0.72,0.77,0.30,-0.34,-0.05,-0.17,-0.18,2.18
Magetan,3520,-1.14,-0.52,-0.60,-0.36,-1.75,2.04,0.12,0.93,0.13,-0.33,-0.25,-0.05,-0.08,-0.30,1.86
Ngawi,3521,-1.80,-0.52,-0.32,-0.36,-1.12,2.04,0.57,0.72,0.90,-0.14,0.67,-0.05,-0.18,0.31,2.51
Bojonegoro,3522,-1.14,-0.48,-0.32,-0.35,-0.50,1.07,1.02,-0.29,0.51,-0.08,0.03,-0.05,-0.20,0.06,1.86
Tuban,3523,-0.92,-0.44,-0.74,-0.36,-1.12,1.07,0.57,0.11,0.77,-0.20,-0.15,-0.05,-0.18,0.34,2.18
Lamongan,3524,-0.48,-0.54,-0.19,-0.35,-1.12,1.39,0.12,0.32,0.25,1.12,-0.06,-0.05,-0.17,0.16,1.86
Gresik,3525,-0.48,-0.29,0.50,-0.36,-0.50,0.10,0.12,-0.09,-0.26,-0.08,-0.06,-0.05,-0.01,-0.08,1.04
Bangkalan,3526,0.18,-0.35,0.63,-0.35,-1.12,0.75,1.46,2.76,1.03,-0.39,-0.43,-0.05,-0.05,0.90,1.20
Sampang,3527,-0.26,-0.29,-0.72,-0.36,0.76,0.10,0.57,1.54,2.71,-0.20,-0.43,-0.05,-0.12,1.13,0.87
Pamekasan,3528,-0.48,-0.31,-0.93,-0.36,-0.50,0.75,1.02,1.13,1.42,-0.46,-0.34,-0.05,0.00,0.26,1.20
Sumenep,3529,-1.80,-0.45,-1.00,-0.24,-1.75,1.72,1.02,0.93,1.68,-0.52,-0.43,-0.05,-0.21,0.97,2.18
Kota Kediri,3571,-0.70,-0.39,-0.09,-0.36,-1.75,1.07,0.57,2.15,-0.26,-0.52,-0.06,-0.05,1.27,-0.62,0.22
Kota Blitar,3572,-0.92,-0.38,0.10,-0.36,-1.12,1.07,1.02,1.95,-0.39,5.78,4.76,-0.04,1.20,-0.62,0.22
Kota Malang,3573,-0.92,-0.41,0.72,-0.36,-1.12,0.43,0.12,1.95,-0.39,-0.08,0.03,-0.05,1.81,-1.02,-0.44
Kota Probolinggo,3574,-0.48,-0.34,0.00,-0.36,-0.50,0.10,-0.32,-0.09,-0.13,-0.52,-0.43,-0.05,1.14,-0.65,-0.11
Kota Pasuruan,3575,-0.26,-0.38,0.29,-0.36,-1.12,0.43,-0.32,0.72,-0.26,-0.14,0.39,-0.05,1.69,-0.71,0.38
Kota Mojokerto,3576,-0.70,-0.38,-0.79,-0.34,-1.75,0.43,0.57,0.52,-0.39,-0.52,0.57,-0.05,2.50,-0.88,0.38
Kota Madiun,3577,-1.14,-0.47,-0.18,-0.36,-1.75,1.39,0.57,1.33,-0.39,1.12,0.94,-0.05,1.52,-0.98,0.38
Kota Surabaya,3578,-0.92,-0.44,0.65,-0.36,-0.50,0.10,0.12,-0.09,-0.52,0.17,0.57,-0.04,2.65,-0.96,-0.27
Kota Batu,3579,-0.70,-0.34,-0.86,-0.36,-1.12,0.43,-0.32,-0.50,-0.39,-0.52,1.12,-0.04,0.15,-1.05,1.04
Pandeglang,3601,0.22,-0.44,1.91,-0.36,0.76,-0.22,0.12,0.11,-0.26,-0.27,-0.25,-0.04,-0.25,-0.33,0.22
Lebak,3602,-0.06,-0.37,1.62,-0.24,0.76,-0.22,-0.32,0.11,-0.13,-0.33,-0.34,-0.05,-0.27,-0.47,0.55
Tangerang,3603,-0.06,0.16,2.00,-0.36,-0.50,-0.86,-0.77,-0.29,-0.26,-0.39,0.03,-0.05,0.98,-0.88,0.38
Serang,3604,0.60,-0.39,2.77,-0.36,0.76,-0.54,0.12,0.11,-0.26,-0.20,-0.34,-0.05,-0.09,-1.01,0.22
Kota Tangerang,3671,-0.75,-0.04,1.21,-0.36,-0.50,-0.54,0.12,0.11,-0.39,-0.14,0.48,-0.04,4.97,-0.97,-0.11
Kota Cilegon,3672,0.09,-0.18,2.34,-0.36,0.13,-0.54,0.12,-0.29,-0.39,1.69,1.30,-0.02,0.51,-1.15,-0.11
Kota Serang,3673,0.99,-0.13,1.63,-0.33,0.13,-0.54,-0.77,-0.09,-0.26,-0.46,-0.43,-0.05,0.54,-0.86,-0.44
Kota Tangerang Selatan,3674,-0.44,0.19,0.16,-0.36,-1.75,-0.22,0.12,-0.50,-0.52,-0.39,-0.25,-0.05,4.00,-1.32,-0.77
Jembrana,5101,-1.14,-0.40,-1.33,-0.36,-1.12,1.07,0.57,-0.70,0.13,3.20,0.12,-0.02,-0.29,-0.91,1.53
Tabanan,5102,-0.33,-0.41,-1.40,-0.35,-1.75,2.04,-0.32,-1.51,0.13,2.44,0.03,-0.04,-0.25,-1.00,1.86
Badung,5103,-0.81,-0.03,-1.80,-0.36,-1.12,0.10,0.12,-1.11,-0.65,5.78,8.68,-0.03,0.18,-1.31,0.05
Gianyar,5104,0.93,-0.34,-1.33,-0.36,-1.12,1.07,-0.32,-1.92,0.13,5.78,0.39,-0.03,0.10,-1.04,0.55
Klungkung,5105,-0.42,-0.43,-1.28,-0.34,-1.75,1.39,0.12,-1.31,0.90,3.33,1.39,-0.01,-0.20,-0.84,1.04
Bangli,5106,-0.48,-0.42,-1.65,-0.33,-1.12,1.39,-0.32,-1.92,0.77,4.46,1.12,-0.04,-0.24,-0.97,1.86
Karang Asem,5107,-0.59,-0.43,-1.70,-0.36,-1.12,1.72,0.12,-0.90,1.55,5.78,8.40,0.00,-0.23,-0.73,1.86
Buleleng,5108,-1.12,-0.42,-0.62,-0.30,-1.12,1.39,0.12,-0.50,0.64,0.49,-0.34,-0.04,-0.24,-0.87,1.04
Kota Denpasar,5171,-1.45,-0.10,-0.98,-0.36,-1.12,-0.22,0.12,-0.29,-0.52,5.78,1.30,-0.03,2.34,-1.27,-0.77
Lombok Barat,5201,-7.80,-0.24,-0.29,-0.36,0.76,-0.54,0.12,0.72,1.42,0.30,0.21,-0.04,-0.17,0.41,0.05
Lombok Tengah,5202,-1.69,-0.37,-0.88,-0.35,0.76,0.10,1.02,1.74,1.68,-0.39,-0.34,-0.05,-0.11,0.22,0.38
Lombok Timur,5203,-1.56,-0.40,-0.42,-0.35,1.39,-0.22,1.46,2.76,0.90,-0.08,-0.06,-0.04,-0.14,0.54,-0.11
Sumbawa,5204,-0.61,-0.37,-0.59,-0.31,0.13,0.43,0.57,-0.09,0.38,0.11,-0.15,-0.04,-0.39,0.25,0.22
Dompu,5205,0.00,-0.25,-0.53,-0.20,1.39,-0.22,0.12,-0.70,0.51,-0.52,-0.43,-0.05,-0.37,0.04,-0.77
Bima,5206,-0.26,-0.34,-0.69,-0.27,0.76,0.43,0.57,-0.29,1.03,-0.33,-0.43,-0.05,-0.37,0.36,-0.27
Sumbawa Barat,5207,-0.46,0.04,0.49,-0.36,1.39,-0.22,0.57,-0.50,0.00,0.05,-0.43,-0.03,-0.39,0.24,-0.11
Lombok Utara,5208,-1.14,-0.37,-1.03,-0.36,0.76,-0.22,0.12,-0.29,2.07,0.05,0.39,0.01,-0.31,2.20,0.38
Kota Mataram,5271,-1.01,-0.13,0.49,-0.36,0.13,0.10,0.12,0.93,0.38,0.24,0.85,-0.04,2.53,-0.39,-0.60
Kota Bima,5272,-0.24,-0.12,-0.11,-0.36,0.13,0.10,0.12,0.72,0.25,0.87,-0.25,-0.05,-0.13,-0.43,-1.09
Sumba Barat,5301,2.62,-0.18,-0.56,2.16,0.76,-0.54,0.12,-0.50,1.68,-0.52,-0.43,-0.05,-0.35,2.10,-1.42
Sumba Timur,5302,1.76,-0.25,-1.02,0.09,0.76,-0.22,-0.32,0.11,0.64,-0.39,-0.43,-0.04,-0.40,2.33,-1.26
Kupang,5303,0.53,0.14,0.03,0.67,0.76,0.10,0.12,0.52,0.51,-0.39,-0.34,-0.04,-0.39,1.43,-0.77
Timor Tengah Selatan,5304,-0.15,-0.42,-1.10,3.34,0.13,0.43,0.57,0.72,1.42,-0.39,-0.34,-0.04,-0.37,2.05,-0.44
Timor Tengah Utara,5305,0.49,-0.32,-1.42,1.11,1.39,0.75,0.12,0.72,-0.13,-0.08,-0.34,-0.05,-0.38,1.35,-0.77
Belu,5306,0.88,-0.18,1.23,0.81,1.39,-0.22,-0.32,1.13,0.51,-0.39,-0.34,-0.05,-0.35,0.46,-1.09
Alor,5307,1.12,-0.37,-0.62,0.90,2.01,0.10,-0.32,0.32,-0.26,-0.20,-0.25,-0.04,-0.39,1.24,-0.77
Lembata,5308,0.35,-0.09,-0.05,0.51,0.13,0.75,1.46,2.76,0.00,0.30,0.39,-0.03,-0.37,1.85,-0.60
Flores Timur,5309,0.99,-0.33,-0.59,0.02,0.13,1.07,1.02,2.15,0.13,-0.27,-0.43,-0.04,-0.36,-0.14,-0.44
Sikka,5310,1.28,-0.41,-0.38,0.59,0.13,0.75,1.46,1.33,0.38,-0.27,-0.34,-0.03,-0.35,0.20,-0.27
Ende,5311,1.43,-0.44,-0.64,-0.16,0.13,0.43,1.02,1.33,-0.13,-0.46,-0.34,-0.05,-0.37,1.45,0.05
Ngada,5312,2.09,-0.23,-0.46,0.34,0.13,0.43,0.57,0.93,-0.39,-0.33,-0.34,-0.05,-0.38,0.07,-0.60
Manggarai,5313,1.70,-0.21,-0.58,0.49,1.39,-0.22,0.57,-0.09,0.00,-0.14,-0.34,-0.05,-0.35,1.11,-0.93
Rote Ndao,5314,0.13,0.33,-0.75,1.03,0.76,0.43,-0.32,-0.50,0.25,-0.08,-0.43,-0.03,-0.37,2.06,-1.09
Manggarai Barat,5315,1.19,-0.04,-0.89,1.83,1.39,-0.22,-0.32,-0.70,0.00,-0.39,-0.34,-0.05,-0.38,0.78,-0.60
Sumba Tengah,5316,2.31,-0.19,-0.44,1.54,0.76,0.10,-0.32,-0.50,0.90,-0.20,-0.43,-0.05,-0.40,2.92,-1.42
Sumba Barat Daya,5317,3.67,-0.10,-1.41,2.78,2.01,-0.54,-0.32,0.11,2.07,-0.52,-0.43,-0.05,-0.33,2.07,-1.75
Nagekeo,5318,2.71,-0.29,-0.74,0.85,0.13,1.07,0.57,0.52,0.00,0.24,0.21,-0.03,-0.38,0.12,-0.27
Manggarai Timur,5319,1.76,-0.25,-1.54,2.13,0.76,-0.54,0.57,-0.29,-0.26,-0.39,-0.43,-0.05,-0.37,1.87,-0.60
Sabu Raijua,5320,0.02,0.13,-0.68,2.55,2.01,0.10,-0.77,-0.09,0.77,-0.52,-0.43,-0.05,-0.34,2.39,-1.26
Malaka,5321,0.88,-0.18,-0.92,0.64,0.76,1.07,0.57,1.33,1.03,0.05,-0.34,-0.04,-0.35,0.54,-0.60
Kota Kupang,5371,0.22,0.07,2.38,-0.35,-0.50,-0.54,0.12,0.93,-0.39,-0.27,-0.25,-0.03,0.48,-0.35,-1.91
Sambas,6101,-0.26,-0.37,-0.37,-0.32,0.13,0.10,1.02,1.13,0.25,-0.02,0.03,-0.05,-0.38,-0.48,0.38
Bengkayang,6102,-0.26,-0.14,-0.76,0.22,0.13,-0.54,-0.32,-0.90,0.13,-0.46,-0.43,-0.05,-0.40,-0.64,0.05
Landak,6103,1.94,-0.23,-0.74,1.33,0.13,-0.22,-0.77,-0.90,0.38,-0.46,-0.15,-0.05,-0.40,-0.06,0.38
Pontianak,6104,1.94,-0.26,0.34,-0.23,0.13,-0.22,0.12,0.11,0.38,-0.08,0.76,-0.05,-0.34,-0.85,0.05
Sanggau,6105,-0.26,-0.22,-0.60,0.60,-0.50,-0.54,-0.32,-1.31,0.38,-0.52,-0.43,-0.05,-0.40,-0.95,0.87
Ketapang,6106,-0.26,-0.11,0.05,0.54,-0.50,-0.54,-0.77,-1.31,0.00,-0.46,0.21,-0.05,-0.41,-0.18,0.22
Sintang,6107,-0.26,-0.22,-0.54,0.04,-1.12,-0.54,-1.66,-1.51,0.38,-0.52,-0.43,-0.05,-0.41,-0.30,0.71
Kapuas Hulu,6108,-0.26,-0.14,-0.87,0.04,-1.75,-0.22,-0.32,-0.70,0.25,-0.46,-0.34,-0.05,-0.41,-0.30,0.71
Sekadau,6109,-0.26,-0.31,-0.57,0.79,-0.50,-0.22,-1.22,-1.11,0.51,-0.46,-0.15,-0.05,-0.40,-0.75,0.87
Melawi,6110,-0.26,-0.18,-0.88,1.27,-0.50,-0.22,-0.77,-1.11,0.64,-0.46,-0.43,-0.05,-0.41,0.06,0.71
Kayong Utara,6111,1.94,-0.16,-0.19,-0.29,0.13,-0.54,0.12,-0.90,0.90,-0.52,-0.43,-0.05,-0.41,-0.25,0.22
Kubu Raya,6112,-0.26,-0.20,0.53,-0.31,0.13,-0.22,-0.32,-0.29,0.51,-0.46,0.57,-0.05,-0.38,-0.93,-0.11
Kota Pontianak,6171,-0.26,-0.18,2.10,-0.33,-0.50,-0.22,0.57,0.93,-0.13,-0.52,-0.43,-0.03,1.81,-0.91,-0.93
Kota Singkawang,6172,1.94,-0.12,0.90,-0.23,0.13,0.43,0.12,0.93,0.51,-0.02,-0.06,-0.05,-0.25,-0.91,-0.11
Kotawaringin Barat,6201,-0.70,0.14,-0.80,-0.34,-0.50,-0.22,-0.77,-0.90,-0.39,-0.14,0.39,-0.05,-0.40,-1.01,0.55
Kotawaringin Timur,6202,-0.70,-0.02,0.02,0.01,0.13,-0.54,-0.77,-0.90,-0.52,-0.27,0.12,-0.05,-0.40,-0.78,0.38
Kapuas,6203,-0.48,-0.35,0.42,-0.23,-1.12,-0.54,-0.77,-0.29,-0.52,-0.33,-0.25,-0.05,-0.41,-0.88,0.71
Barito Selatan,6204,-0.48,-0.32,-0.11,-0.06,0.13,-0.22,-0.32,-0.70,-0.52,-0.39,0.30,-0.05,-0.41,-0.97,0.55
Barito Utara,6205,-0.26,-0.38,-0.22,0.08,0.13,-0.54,-0.32,-0.90,-0.39,-0.46,-0.15,-0.05,-0.41,-0.90,0.22
Sukamara,6206,-0.92,0.33,0.21,-0.10,0.76,-0.86,-0.32,-1.72,-0.52,-0.52,0.39,-0.05,-0.41,-1.13,0.22
Lamandau,6207,-0.92,0.10,-0.92,-0.06,-0.50,-0.22,-1.22,-1.11,-0.52,-0.27,-0.25,-0.05,-0.41,-1.15,0.55
Seruyan,6208,-1.36,0.40,0.03,-0.28,0.76,-1.19,-0.77,-1.51,-0.52,-0.52,0.21,-0.04,-0.41,-0.61,0.38
Katingan,6209,-0.48,-0.20,0.46,-0.18,0.76,-0.54,-0.32,-0.90,-0.52,-0.46,-0.34,-0.05,-0.41,-0.89,0.22
Pulang Pisau,6210,-0.48,-0.42,-1.19,-0.27,-1.12,0.10,-0.32,-0.70,-0.52,-0.20,-0.25,-0.05,-0.41,-0.99,0.38
Gunung Mas,6211,0.18,-0.04,-0.79,0.13,0.76,-0.54,-0.32,-0.90,-0.65,-0.52,-0.34,-0.05,-0.41,-0.91,-0.44
Barito Timur,6212,-0.70,0.09,-0.68,-0.27,-0.50,-0.54,-0.77,-0.50,-0.65,-0.02,-0.25,-0.05,-0.40,-0.73,0.38
Murung Raya,6213,0.18,-0.02,-0.60,0.46,0.76,-1.19,-0.32,-0.90,-0.52,-0.39,-0.15,-0.05,-0.41,-0.77,-0.77
Kota Palangka Raya,6271,-0.70,0.12,0.61,-0.36,-0.50,-0.22,0.57,1.13,-0.65,-0.08,0.21,-0.05,-0.37,-1.11,-1.75
Tanah Laut,6301,-0.99,-0.20,-0.45,-0.33,-0.50,-0.22,-0.77,-0.09,-0.52,-0.46,-0.25,-0.05,-0.38,-0.96,0.87
Kota Baru,6302,-0.77,-0.16,0.23,-0.28,0.13,-0.54,-0.32,-1.11,-0.52,-0.46,-0.34,-0.05,-0.40,-0.96,0.38
Banjar,6303,-0.75,-0.20,-0.63,-0.25,-0.50,-0.22,0.12,0.52,-0.39,-0.52,-0.43,-0.05,-0.37,-1.19,0.55
Barito Kuala,6304,-0.99,-0.25,-0.85,-0.30,-0.50,-0.22,0.12,0.11,-0.26,-0.52,-0.43,-0.05,-0.38,-0.94,1.04
Tapin,6305,-1.25,-0.24,-0.28,-0.36,-1.12,-0.54,-0.77,0.11,-0.39,-0.52,-0.34,-0.05,-0.39,-1.10,0.71
Hulu Sungai Selatan,6306,-1.27,-0.29,-0.83,-0.32,-0.50,-0.22,-0.32,0.72,-0.52,-0.52,-0.34,-0.05,-0.37,-0.85,0.71
Hulu Sungai Tengah,6307,-1.25,-0.28,-0.65,-0.31,-0.50,0.43,-0.32,1.13,-0.52,-0.46,-0.25,-0.05,-0.35,-0.78,0.71
Hulu Sungai Utara,6308,-0.50,-0.25,-0.42,-0.36,0.13,-0.22,0.12,0.52,-0.26,-0.52,-0.34,-0.05,-0.32,-0.70,0.22
Tabalong,6309,-0.77,-0.19,-0.50,-0.35,-0.50,-0.22,0.12,0.11,-0.65,-0.39,-0.25,-0.05,-0.39,-0.77,0.55
Tanah Bumbu,6310,-0.55,0.17,0.78,-0.36,0.76,-0.86,-0.32,-1.11,-0.26,-0.08,-0.34,-0.05,-0.39,-0.91,-0.11
Balangan,6311,-1.18,-0.18,-0.93,-0.10,-0.50,-0.54,0.12,0.52,-0.13,-0.46,-0.25,-0.05,-0.39,-0.82,0.55
Kota Banjarmasin,6371,-0.72,-0.26,1.45,-0.36,-1.12,0.10,0.12,1.33,-0.65,-0.52,-0.25,-0.05,3.24,-1.00,0.05
Kota Banjar Baru,6372,-1.03,0.11,0.29,-0.36,0.13,-0.54,0.12,0.32,-0.65,-0.52,0.48,-0.05,-0.15,-0.99,-0.93
Paser,6401,-0.33,-0.14,0.06,-0.21,0.13,-0.86,-0.77,-0.90,-0.39,-0.46,-0.34,-0.05,-0.41,-0.39,0.05
Kutai Barat,6402,-0.13,-0.45,0.29,0.02,0.76,-0.54,-0.77,-1.11,-0.52,-0.39,-0.25,-0.05,-0.41,-0.37,0.22
Kutai Kartanegara,6403,-0.17,-0.12,0.69,-0.30,-0.50,-0.54,-0.32,-0.50,-0.52,-0.46,-0.25,-0.05,-0.40,-0.61,-0.11
Kutai Timur,6404,-0.44,0.19,0.49,-0.33,0.76,-0.86,-0.32,-1.31,-0.52,-0.27,0.85,-0.05,-0.41,-0.32,-0.27
Berau,6405,0.24,-0.05,0.29,-0.34,0.76,-0.86,-1.22,-1.11,-0.52,0.05,-0.06,-0.05,-0.41,-0.89,-0.44
Penajam Paser Utara,6409,-0.39,-0.32,0.82,-0.36,0.13,-0.86,-0.32,-0.90,-0.52,-0.39,-0.06,-0.05,-0.39,-0.61,0.22
Mahakam Hulu,6411,-0.13,-0.44,-0.32,-0.02,-0.50,0.10,-1.66,-0.70,-0.39,0.24,-0.43,-0.05,-0.41,-0.09,0.38
Kota Balikpapan,6471,-0.20,-0.24,1.28,-0.36,-0.50,-0.54,-0.32,0.52,-0.52,0.24,0.39,-0.04,0.07,-1.23,-0.27
Kota Samarinda,6472,-0.22,-0.21,0.65,-0.32,-0.50,-0.54,-0.32,0.32,-0.52,0.24,0.30,-0.04,0.05,-0.95,-0.44
Kota Bontang,6474,-0.24,-0.14,2.12,-0.36,0.13,-1.19,-0.32,-1.31,-0.52,1.18,2.58,0.00,0.00,-1.00,-0.44
Malinau,6501,1.50,0.46,-0.13,-0.34,2.01,-0.54,-0.32,-0.70,0.13,0.49,-0.34,-0.05,-0.41,-0.64,-1.09
Bulungan,6502,0.40,0.08,0.07,-0.33,0.13,-0.54,-1.22,-1.11,0.00,0.11,-0.43,-0.05,-0.41,-0.41,-0.44
Tana Tidung,6503,1.28,1.25,0.08,-0.33,2.01,-0.86,-0.32,-1.31,0.00,-0.52,-0.43,-0.03,-0.41,-0.93,-0.77
Nunukan,6504,0.62,0.55,-0.23,-0.29,0.13,-0.54,0.12,-0.90,0.00,-0.46,-0.43,-0.05,-0.41,-0.75,-0.60
Kota Tarakan,6571,0.62,0.37,0.16,-0.36,0.76,-0.86,-0.32,-0.50,-0.39,1.69,0.48,-0.05,-0.01,-0.77,-0.77
Bolaang Mongondow,7101,0.16,-0.20,-0.01,-0.36,0.13,0.43,-0.77,-0.90,-0.65,-0.27,-0.43,-0.05,-0.38,-0.58,0.71
Minahasa,7102,-1.03,-0.33,0.65,-0.36,-1.12,1.72,-0.77,0.32,-0.65,-0.39,-0.34,-0.05,-0.30,-0.61,1.36
Kepulauan Sangihe,7103,-0.64,-0.46,-0.11,-0.07,-1.12,0.43,0.57,0.52,-0.52,-0.20,-0.43,-0.04,-0.31,-0.10,1.20
Kepulauan Talaud,7104,-0.09,-0.31,-0.72,-0.36,0.13,0.75,-0.32,-0.90,-0.65,-0.46,-0.43,-0.04,-0.39,-0.27,0.55
Minahasa Selatan,7105,-0.90,-0.38,-0.08,-0.35,-1.75,1.39,-0.77,-0.70,-0.65,-0.02,-0.34,-0.04,-0.36,-0.35,1.20
Minahasa Utara,7106,-0.61,-0.38,0.26,-0.28,-1.12,0.75,-0.32,0.11,-0.65,-0.27,-0.43,-0.05,-0.33,-0.65,0.38
Bolaang Mongondow Utara,7107,-0.11,-0.25,0.09,-0.28,-0.50,0.43,-0.32,-0.90,-0.65,-0.39,-0.34,-0.05,-0.40,-0.45,0.55
Siau Tagulandang Biaro,7108,-0.75,-0.46,-0.73,-0.24,-1.12,1.39,0.57,0.32,-0.65,0.43,0.30,-0.02,-0.33,-0.31,1.53
Minahasa Tenggara,7109,-0.42,-0.41,-0.55,-0.33,-1.12,1.07,-0.77,-0.29,-0.65,1.37,0.67,-0.04,-0.36,0.11,0.38
Bolaang Mongondow Selatan,7110,0.16,-0.20,0.16,-0.26,0.13,-0.54,-0.77,-1.31,-0.65,-0.08,-0.43,-0.04,-0.40,0.17,0.05
Bolaang Mongondow Timur,7111,0.24,-0.25,0.87,-0.33,-0.50,-0.22,-1.22,-1.31,-0.65,0.36,-0.06,-0.04,-0.39,-0.75,1.04
Kota Manado,7171,-0.57,-0.43,2.69,-0.31,-1.12,0.43,0.12,0.11,-0.65,0.05,-0.25,-0.04,0.61,-0.83,-0.44
Kota Bitung,7172,-0.06,-0.18,2.39,-0.33,-1.12,-0.22,0.12,0.32,-0.65,0.36,-0.43,-0.03,-0.15,-0.70,0.22
Kota Tomohon,7173,-0.42,-0.18,1.48,-0.36,-1.12,1.07,0.12,-0.09,-0.65,2.06,-0.25,-0.02,-0.07,-0.82,0.71
Kota Kotamobagu,7174,-0.02,-0.12,0.62,-0.36,-0.50,0.10,-0.32,-0.50,-0.65,0.99,0.39,-0.05,0.02,-0.80,0.05
Banggai Kepulauan,7201,-0.31,-0.37,-1.07,1.01,-0.50,0.43,0.12,-0.29,-0.13,0.68,-0.25,-0.05,-0.40,0.37,0.22
Banggai,7202,-0.28,-0.19,-0.99,-0.18,0.13,-0.22,-0.32,-0.29,-0.39,-0.46,-0.25,-0.05,-0.40,-0.53,0.22
Morowali,7203,0.18,-0.14,-0.62,-0.08,0.13,-0.54,0.12,-0.29,-0.52,-0.39,-0.34,-0.05,-0.40,0.23,-0.27
Poso,7204,0.18,-0.06,-0.96,-0.31,-0.50,0.10,-0.32,-1.11,-0.52,-0.02,-0.25,-0.05,-0.40,0.48,0.22
Donggala,7205,0.77,-0.34,-0.72,0.15,0.13,-0.54,0.12,-0.90,-0.13,-0.46,-0.34,-0.05,-0.39,0.83,-0.27
Toli-Toli,7206,0.33,-0.29,-0.56,0.02,0.76,-0.22,0.12,-0.09,-0.26,-0.20,-0.06,-0.05,-0.39,0.15,-0.27
Buol,7207,0.75,-0.06,-0.16,0.09,1.39,-0.22,-0.32,-1.11,-0.52,0.11,-0.06,-0.05,-0.40,0.42,-0.93
Parigi Moutong,7208,0.57,-0.14,-0.91,0.23,0.13,-0.54,-0.32,-1.11,-0.26,-0.27,-0.34,-0.05,-0.38,0.60,-0.11
Tojo Una-Una,7209,0.73,-0.29,-0.64,0.22,0.13,-0.54,0.12,-0.09,-0.65,-0.52,-0.43,-0.05,-0.41,0.67,-0.11
Sigi,7210,0.29,-0.30,-0.80,-0.24,-0.50,-0.22,-0.77,-0.70,-0.39,-0.14,-0.06,-0.05,-0.40,0.12,0.22
Banggai Laut,7211,-0.31,-0.10,-0.61,0.52,0.13,-0.54,0.12,-0.29,-0.52,-0.39,-0.43,-0.05,-0.38,0.44,-0.60
Morowali Utara,7212,0.18,-0.05,-0.58,0.20,-0.50,0.10,-0.77,-1.11,-0.26,-0.52,-0.43,-0.05,-0.41,0.40,0.05
Kota Palu,7271,0.22,-0.19,0.86,-0.36,-0.50,-0.22,0.12,0.93,-0.65,0.55,-0.43,-0.03,-0.05,-0.66,-1.91
Kepulauan Selayar,7301,-0.26,-0.30,-1.48,-0.24,-0.50,1.07,1.02,0.93,0.38,-0.33,0.03,-0.05,-0.36,0.11,0.05
Bulukumba,7302,-0.04,-0.40,-0.60,-0.36,-1.12,0.43,1.91,1.54,0.77,-0.46,-0.43,-0.05,-0.28,-0.60,0.55
Bantaeng,7303,-0.04,-0.42,-0.34,-0.28,-0.50,0.43,0.12,0.72,1.68,-0.27,-0.15,-0.05,-0.24,-0.38,0.38
Jeneponto,7304,0.62,-0.42,-1.08,-0.36,0.13,0.43,0.12,0.11,1.29,0.30,0.76,-0.05,-0.27,0.38,-0.11
Takalar,7305,0.40,-0.31,-0.28,-0.34,0.76,0.10,0.12,-0.29,0.90,-0.39,-0.34,-0.05,-0.22,-0.42,0.22
Gowa,7306,0.62,-0.15,-0.03,-0.32,-0.50,0.10,0.12,0.32,0.51,-0.33,-0.34,-0.05,-0.26,-0.57,-0.27
Sinjai,7307,0.84,-0.40,-1.00,-0.10,-0.50,0.10,1.02,0.52,0.90,-0.33,-0.15,-0.05,-0.30,-0.36,0.05
Maros,7308,0.84,-0.31,0.00,-0.09,0.76,0.10,0.12,-0.29,1.03,-0.20,-0.43,-0.05,-0.33,-0.27,-0.44
Pangkajene Dan Kepulauan,7309,0.84,-0.33,0.25,-0.09,-0.50,0.75,1.02,1.13,0.51,-0.08,-0.15,-0.05,-0.30,0.27,0.05
Barru,7310,0.18,-0.44,0.43,-0.18,-0.50,0.75,0.57,1.13,0.77,-0.39,-0.25,-0.04,-0.36,-0.44,0.22
Bone,7311,0.62,-0.43,-0.63,-0.23,-0.50,0.75,1.46,1.33,0.51,-0.46,-0.34,-0.05,-0.35,-0.24,0.38
Soppeng,7312,-0.26,-0.53,-0.52,-0.21,-1.75,2.04,1.46,1.95,0.64,-0.33,0.12,-0.05,-0.35,-0.61,0.71
Wajo,7313,0.18,-0.48,-0.63,-0.20,-0.50,0.75,0.57,1.13,1.16,-0.33,-0.43,-0.05,-0.36,-0.65,1.04
Sidenreng Rappang,7314,0.18,-0.31,-0.03,-0.34,-0.50,0.75,0.57,0.93,0.13,-0.46,-0.34,-0.05,-0.36,-0.92,0.38
Pinrang,7315,0.40,-0.39,-0.67,-0.33,0.13,0.75,1.46,1.74,0.25,-0.52,-0.34,-0.05,-0.34,-0.45,0.22
Enrekang,7316,0.84,-0.36,-1.01,-0.27,0.13,0.75,0.12,0.93,0.13,-0.08,-0.25,-0.05,-0.37,0.05,-0.77
Luwu,7317,1.06,-0.35,-0.02,-0.23,0.76,0.10,0.57,1.13,0.25,-0.52,-0.34,-0.05,-0.37,0.11,-0.60
Tana Toraja,7318,0.62,-0.42,-0.83,-0.07,-0.50,1.39,0.57,0.93,0.64,-0.39,-0.34,-0.05,-0.37,0.05,-0.11
Luwu Utara,7322,0.40,-0.35,-0.74,-0.33,-0.50,0.10,-0.32,0.11,0.13,0.36,2.03,-0.05,-0.40,0.21,-0.11
Luwu Timur,7325,0.40,-0.04,-0.27,-0.34,0.76,-0.22,0.12,-0.09,0.00,0.24,-0.25,-0.05,-0.40,-0.64,-0.44
Toraja Utara,7326,1.06,-0.40,-0.69,-0.26,0.76,0.75,-0.32,1.74,0.77,-0.52,-0.43,-0.05,-0.34,0.06,-0.93
Kota Makassar,7371,0.62,-0.24,2.41,-0.36,-0.50,-0.22,0.57,1.33,-0.26,-0.14,0.12,-0.05,2.81,-0.99,-1.42
Kota Parepare,7372,0.84,-0.28,0.78,-0.34,-0.50,0.10,0.12,1.13,-0.26,-0.20,0.03,-0.04,0.13,-0.86,-0.60
Kota Palopo,7373,1.06,-0.01,2.34,-0.36,0.76,-0.54,1.02,1.74,-0.39,-0.52,-0.25,-0.05,-0.14,-0.53,-1.58
Buton,7401,1.61,-0.36,-1.39,-0.26,1.39,-0.22,0.12,-0.70,0.25,-0.46,-0.43,-0.05,-0.38,0.22,-1.09
Muna,7402,0.84,-0.24,0.12,-0.12,1.39,-0.22,1.46,2.15,0.51,-0.52,-0.34,-0.05,-0.37,0.12,-1.42
Konawe,7403,0.79,-0.12,-0.60,-0.27,0.76,-0.54,0.12,-0.50,-0.13,-0.46,-0.43,-0.05,-0.39,0.05,-1.09
Kolaka,7404,0.68,-0.01,-0.32,-0.25,0.13,-0.22,0.57,0.52,-0.13,-0.39,-0.43,-0.05,-0.39,0.00,-0.60
Konawe Selatan,7405,0.40,-0.14,-0.95,-0.30,0.76,-0.22,0.12,-0.90,0.00,-0.52,-0.43,-0.05,-0.39,-0.15,-0.27
Bombana,7406,0.66,0.13,-0.88,-0.09,0.76,-0.54,0.57,0.52,0.38,-0.52,-0.43,-0.05,-0.39,-0.18,-0.60
Wakatobi,7407,0.16,-0.49,-0.86,-0.28,0.13,0.43,1.91,2.56,0.25,-0.46,-0.43,-0.05,-0.35,0.36,-0.27
Kolaka Utara,7408,0.49,-0.03,-1.35,-0.05,0.76,-0.86,-0.32,0.11,0.25,-0.39,-0.34,-0.05,-0.40,0.16,-0.44
Buton Utara,7409,1.30,-0.18,-0.76,-0.11,2.01,-0.54,0.57,0.32,0.13,-0.52,-0.43,-0.05,-0.40,0.31,-1.26
Konawe Utara,7410,1.15,-0.04,-0.22,-0.29,2.01,-0.86,-0.77,-0.70,-0.13,-0.52,-0.43,-0.05,-0.41,0.22,-0.93
Kolaka Timur,7411,0.68,-0.01,-0.52,-0.20,0.76,-0.22,-0.77,-0.90,0.13,-0.39,-0.43,-0.05,-0.40,0.23,-0.11
Konawe Kepulauan,7412,0.79,-0.16,-1.16,-0.27,0.13,-0.22,-0.32,-0.29,-0.13,-0.52,-0.43,-0.05,-0.40,0.67,-0.27
Muna Barat,7413,1.61,-0.24,-0.58,-0.09,1.39,0.10,1.02,1.95,0.64,-0.52,-0.43,-0.05,-0.39,0.24,-0.93
Buton Tengah,7414,1.61,-0.38,-0.09,-0.34,1.39,0.10,0.57,3.57,1.29,-0.52,-0.43,-0.05,-0.38,0.49,-1.42
Buton Selatan,7415,0.84,-0.38,-0.29,0.10,2.01,-0.22,1.46,1.95,0.38,-0.52,-0.43,-0.05,-0.36,0.35,-1.75
Kota Kendari,7471,0.20,0.19,0.77,-0.36,0.13,-0.86,0.57,1.13,-0.52,-0.14,-0.15,-0.04,0.07,-0.97,-2.73
Kota Baubau,7472,1.23,-0.01,0.63,-0.34,0.76,-0.54,1.46,1.54,-0.13,-0.20,-0.43,0.01,-0.13,-0.60,-2.08
Boalemo,7501,0.07,0.05,-0.56,-0.07,-0.50,-0.22,-0.32,-0.29,-0.39,0.61,0.48,0.01,-0.37,0.89,0.38
Gorontalo,7502,0.64,-0.47,-0.54,-0.29,-0.50,-0.54,-0.32,-0.09,-0.39,-0.39,-0.34,-0.05,-0.33,0.79,-0.11
Pohuwato,7503,0.35,-0.02,-0.66,-0.30,0.13,-0.54,-0.77,-1.11,-0.39,-0.14,-0.25,-0.03,-0.40,0.80,-0.27
Bone Bolango,7504,0.29,-0.27,-0.03,-0.32,0.13,-0.22,-0.32,-0.29,-0.52,-0.14,-0.43,-0.05,-0.38,0.54,-0.44
Gorontalo Utara,7505,0.24,-0.35,0.25,0.13,0.13,-0.22,-0.32,-0.70,-0.39,-0.39,-0.34,-0.05,-0.39,0.64,-0.11
Kota Gorontalo,7571,-0.04,-0.11,0.84,-0.36,-1.12,0.10,0.57,1.74,-0.65,-0.14,0.12,-0.04,0.61,-0.84,-1.09
Majene,7601,1.56,-0.21,-0.13,-0.36,0.76,-0.22,0.57,1.13,0.00,-0.39,-0.34,-0.05,-0.35,0.23,-1.75
Polewali Mandar,7602,0.77,-0.28,-0.55,-0.16,0.76,0.43,1.46,1.54,0.64,-0.46,-0.34,-0.05,-0.32,0.47,-0.27
Mamasa,7603,0.46,-0.20,-0.60,-0.25,-0.50,0.43,-0.32,0.11,0.25,-0.39,-0.43,-0.05,-0.40,0.19,-0.44
Mamuju,7604,0.66,0.03,-0.78,-0.02,0.76,-0.54,-0.32,-1.11,0.25,-0.52,-0.34,-0.05,-0.39,-0.63,-0.77
Mamuju Utara,7605,0.20,0.09,-0.38,-0.13,1.39,-0.86,-0.77,-1.51,-0.13,0.36,0.03,-0.05,-0.39,-0.99,-0.60
Mamuju Tengah,7606,0.66,0.03,-0.78,-0.17,0.76,-0.54,0.12,-1.11,0.13,-0.52,-0.25,-0.05,-0.40,-0.65,-0.44
Maluku Tenggara Barat,8101,2.77,-0.39,0.19,0.36,0.13,0.10,0.57,-1.11,-0.65,1.12,-0.34,-0.03,-0.41,1.97,-0.77
Maluku Tenggara,8102,2.27,-0.48,-0.82,0.13,0.76,0.43,0.12,1.13,-0.52,0.05,-0.43,-0.04,-0.38,1.39,-1.09
Maluku Tengah,8103,1.17,-0.49,1.49,-0.20,-0.50,-0.22,0.12,-0.70,-0.65,-0.14,-0.43,-0.03,-0.40,1.04,-1.09
Buru,8104,0.95,0.13,-0.72,0.03,1.39,-0.54,0.12,-0.90,-0.26,-0.14,-0.06,-0.03,-0.40,0.62,-1.09
Kepulauan Aru,8105,2.44,-0.24,-0.16,2.17,1.39,-0.86,0.12,-0.09,-0.52,-0.52,-0.25,-0.04,-0.41,1.90,-1.09
Seram Bagian Barat,8106,1.85,-0.46,0.44,-0.10,0.76,-0.54,-0.32,-0.29,-0.52,-0.08,-0.06,-0.04,-0.40,1.70,-1.26
Seram Bagian Timur,8107,2.27,-0.21,-0.47,1.07,1.39,-0.54,0.12,-0.29,-0.65,-0.39,-0.43,-0.05,-0.41,1.44,-1.58
Maluku Barat Daya,8108,2.00,-0.48,-0.30,0.93,1.39,0.43,0.12,-0.90,-0.65,-0.02,-0.43,-0.04,-0.41,2.25,-0.77
Buru Selatan,8109,2.31,-0.16,-0.91,0.85,2.64,-0.86,-0.32,-1.11,-0.26,-0.52,-0.43,-0.05,-0.41,0.54,-1.58
Kota Ambon,8171,0.84,0.35,3.52,-0.32,-0.50,-0.54,0.12,1.54,-0.65,0.49,0.12,0.02,0.18,-0.95,-1.75
Kota Tual,8172,2.77,0.08,2.17,0.04,0.13,-0.86,0.12,0.72,-0.65,2.19,0.21,-0.03,-0.30,1.38,-2.08
Halmahera Barat,8201,1.21,-0.16,-0.46,-0.26,0.13,-0.22,-0.32,-1.11,-0.39,-0.08,-0.43,-0.04,-0.39,-0.43,-0.44
Halmahera Tengah,8202,2.09,0.09,-0.14,0.02,0.13,-0.54,-0.32,-1.31,-0.52,-0.39,-0.25,-0.05,-0.41,0.28,-1.26
Kepulauan Sula,8203,1.54,-0.10,0.23,0.36,0.76,-0.54,0.57,-0.50,-0.65,-0.33,-0.43,-0.05,-0.40,-0.38,-0.93
Halmahera Selatan,8204,2.27,-0.15,0.07,0.78,2.01,-0.54,-0.32,-1.51,-0.39,-0.33,-0.43,-0.04,-0.40,-0.89,-1.09
Halmahera Utara,8205,1.56,-0.12,0.65,-0.13,0.76,-0.54,-0.32,-1.11,-0.52,-0.14,-0.34,-0.04,-0.40,-0.95,-0.60
Halmahera Timur,8206,1.12,0.09,0.03,0.08,0.13,-0.22,-0.32,-1.11,-0.52,0.30,-0.34,-0.05,-0.41,0.44,-0.60
Pulau Morotai,8207,2.00,0.04,0.22,-0.18,0.76,-0.54,-0.32,-1.11,-0.39,5.41,-0.43,-0.04,-0.41,-0.60,-0.93
Pulau Taliabu,8208,1.54,-0.28,0.16,1.63,0.76,-0.54,-0.32,-0.70,-0.52,-0.46,-0.43,-0.04,-0.40,-0.57,-0.60
Kota Ternate,8271,1.30,-0.01,0.73,-0.35,0.13,-0.86,0.12,1.33,-0.65,1.88,-0.34,0.00,0.36,-1.13,-1.91
Kota Tidore Kepulauan,8272,1.34,-0.27,0.10,-0.29,-0.50,-0.22,0.12,-0.09,-0.52,-0.39,-0.43,-0.04,-0.39,-0.75,-0.77
Fakfak,9101,1.28,-0.13,2.96,0.56,1.39,-0.86,-0.32,-0.50,-0.52,-0.52,-0.43,-0.05,-0.41,1.46,-1.91
Kaimana,9102,0.66,0.06,0.86,0.14,2.64,-1.19,-0.32,-0.29,-0.26,-0.39,-0.25,-0.05,-0.41,0.54,-1.75
Teluk Wondama,9103,0.62,-0.04,-0.53,0.87,3.90,-1.19,-0.77,-0.29,-0.26,-0.46,-0.06,-0.04,-0.41,2.64,-2.40
Teluk Bintuni,9104,0.88,-0.05,1.61,-0.09,2.01,-1.19,-0.77,-1.11,-0.26,-0.39,-0.43,-0.05,-0.41,2.40,-1.42
Manokwari,9105,0.66,0.07,1.11,-0.33,1.39,-0.86,0.57,0.52,-0.26,-0.20,-0.34,-0.04,-0.39,1.17,-1.75
Sorong Selatan,9106,2.03,-0.04,-0.28,0.48,2.64,-0.54,0.12,-0.70,-0.13,-0.52,-0.43,-0.05,-0.41,0.83,-1.91
Sorong,9107,0.55,0.01,-0.66,-0.14,1.39,-0.54,-0.77,-0.70,-0.26,-0.52,-0.43,-0.05,-0.41,2.15,-0.77
Raja Ampat,9108,0.86,-0.20,-0.99,0.78,2.64,-0.86,-0.77,-0.90,-0.52,-0.39,-0.25,-0.05,-0.41,0.67,-1.42
Tambrauw,9109,1.41,0.91,-1.07,2.16,5.78,-1.19,-0.32,-0.29,0.51,-0.52,-0.43,-0.05,-0.41,2.80,-1.75
Maybrat,9110,1.92,-0.05,-1.76,1.61,2.01,-0.54,1.02,0.32,0.25,-0.52,-0.43,-0.05,-0.41,2.61,-2.08
Manokwari Selatan,9111,0.53,-0.06,-0.88,-0.06,2.01,-1.19,0.12,-1.11,0.64,-0.27,-0.25,-0.04,-0.41,2.32,-1.42
Pegunungan Arfak,9112,0.82,-0.28,-1.87,4.02,0.76,-1.19,0.57,-0.70,1.03,-0.52,-0.43,-0.05,-0.41,2.95,-1.75
Kota Sorong,9171,0.88,0.13,2.28,-0.35,1.39,-0.86,-0.77,0.72,-0.52,0.24,-0.43,-0.05,-0.27,0.45,-1.42
Merauke,9401,0.31,2.81,-0.80,0.15,0.76,-0.86,-1.22,-0.29,-0.26,-0.52,-0.43,-0.05,-0.41,-0.21,-0.60
Jayawijaya,9402,0.13,1.70,-0.90,2.31,0.13,-1.51,0.12,-0.09,3.36,-0.46,-0.43,-0.05,-0.38,3.40,-0.44
Jayapura,9403,0.71,3.15,2.34,-0.34,0.13,-0.86,-1.66,-0.50,-0.52,-0.33,-0.43,-0.05,-0.41,0.15,-1.26
Nabire,9404,0.55,2.72,0.84,0.11,0.76,-0.86,-0.77,-1.31,-0.26,-0.46,-0.43,-0.05,-0.40,1.66,-1.09
Kepulauan Yapen,9408,2.38,4.09,0.61,2.02,0.76,-0.54,-0.77,-0.29,0.00,-0.20,-0.34,-0.04,-0.41,1.96,-1.75
Biak Numfor,9409,1.04,3.70,2.67,-0.26,0.76,-0.54,-0.77,0.52,-0.52,-0.46,-0.43,-0.04,-0.41,1.75,-1.42
Paniai,9410,0.68,2.68,-1.67,5.87,2.64,-1.83,-1.22,-1.31,3.88,-0.52,-0.43,-0.05,-0.41,3.25,-1.26
Puncak Jaya,9411,-1.01,5.35,-1.17,0.94,0.13,-1.51,-3.45,-2.94,3.49,-0.52,-0.43,-0.05,-0.40,3.06,-0.27
Mimika,9412,0.77,3.80,1.37,0.82,1.39,-1.51,0.12,-1.51,-0.52,-0.52,-0.43,-0.05,-0.38,0.33,-0.77
Boven Digoel,9413,0.20,4.51,-0.60,1.01,1.39,-1.51,-1.22,-0.90,-0.13,-0.46,-0.43,-0.05,-0.41,0.99,-1.26
Mappi,9414,1.10,5.07,0.04,5.38,2.64,-1.51,-0.32,-0.90,0.90,-0.52,-0.43,-0.05,-0.41,1.75,-1.75
Asmat,9415,0.35,5.22,-1.49,3.20,5.78,-1.83,-0.32,-1.31,2.07,-0.52,-0.43,-0.05,-0.41,1.89,-2.08
Yahukimo,9416,-0.15,2.77,-1.07,8.18,-2.38,-1.83,-2.56,-1.92,3.88,-0.52,-0.43,-0.05,-0.41,3.46,-0.60
Pegunungan Bintang,9417,0.07,2.72,-1.24,1.47,1.39,-1.83,-0.77,-1.11,3.62,-0.52,-0.43,-0.05,-0.41,2.39,-1.42
Tolikara,9418,0.62,3.98,-1.39,1.14,0.13,-1.51,-1.22,-1.72,6.21,-0.52,-0.43,-0.05,-0.41,2.70,1.20
Sarmi,9419,1.10,4.22,0.37,0.56,0.13,-1.19,-1.22,-0.90,0.00,-0.27,-0.34,-0.05,-0.41,0.32,-1.09
Keerom,9420,0.35,3.08,-0.68,0.18,0.13,-0.86,-0.77,-0.90,0.13,-0.52,-0.43,-0.05,-0.41,0.63,-0.27
Waropen,9426,1.08,5.29,-0.49,0.83,-0.50,-0.54,-1.22,-1.11,0.13,-0.52,-0.43,-0.05,-0.41,2.45,-1.09
Supiori,9427,2.99,5.96,0.12,0.05,1.39,-0.86,0.12,-0.29,-0.39,-0.52,-0.43,-0.05,-0.40,3.46,-1.91
Mamberamo Raya,9428,3.02,6.13,-0.63,2.27,-0.50,-1.83,-0.77,-1.11,1.29,-0.52,-0.43,-0.05,-0.41,2.21,-1.75
Nduga *,9429,0.90,4.68,-1.51,4.72,0.13,-1.83,-2.11,-2.74,5.56,-0.52,-0.43,-0.05,-0.41,3.39,0.38
Lanny Jaya,9430,-0.11,3.77,-1.91,2.35,-1.12,-1.83,-1.66,-1.31,7.11,-0.52,-0.43,-0.05,-0.40,3.55,0.87
Mamberamo Tengah,9431,0.38,4.03,-1.65,1.61,0.76,-1.51,-0.32,0.11,5.69,-0.52,-0.43,-0.05,-0.41,3.22,0.38
Yalimo,9432,1.23,4.35,-1.68,1.07,0.13,-1.83,1.02,-1.51,4.01,-0.46,-0.43,-0.05,-0.41,2.91,-1.42
Puncak,9433,-0.28,3.95,-1.97,9.49,0.76,-1.83,-1.22,-1.72,4.91,-0.52,-0.43,-0.05,-0.41,3.39,-0.77
Dogiyai,9434,-0.24,2.82,-1.92,9.37,-2.38,-1.83,-1.22,0.32,4.91,-0.52,-0.43,-0.05,-0.41,2.47,0.05
Intan Jaya,9435,1.01,4.03,-1.97,0.73,0.13,-1.83,-1.22,-2.33,5.43,-0.46,-0.43,-0.05,-0.41,3.99,-0.93
Deiyai,9436,0.05,3.19,-1.87,2.38,-0.50,-1.83,-1.22,0.72,5.95,-0.46,-0.43,-0.05,-0.40,4.08,0.22
Kota Jayapura,9471,0.29,2.17,-1.97,-0.35,-3.63,13.65,-17.29,-2.94,0.38,-0.20,0.48,22.65,-0.41,-1.49,-1.33
